0	A stay interview is an interview or, more likely, a conversation, between a manager and an employee, with the purpose of learning what keeps that team member working for the company as well as any aspects of the organization that need improvement or change.
1	Skin kindness is a new skincare trend that focuses on the benefits of lighter skincare products like face wash and body wash.
2	A cyber risk score is a numerical assessment of the level of security of an organization’s networks and systems.
3	An angel shot is a drink order made by a customer to inform a bartender that they are in an unsafe situation and need assistance.
4	Greenwashing is the act or practice of making a product, policy, activity, etc. appear to be more environmentally friendly or less environmentally damaging than it really is
5	A bear market is when a market experiences prolonged price declines.
6	Compersion is vicarious joy associated with seeing one's partner have a joyful romantic or sexual relation with another.
7	Oystering is the idea that people finding themselves back in the single seat, and getting back into the dating world post-break-up are seeing the world as their oyster.
8	femicide is the killing of a woman or girl, in particular by a man and on account of her gender.
9	A “splinternet” is the idea that the open, globally connected Internet we all use splinters into a collection of fragmented networks controlled by governments or corporations.
10	Reproductive freedom is about the legal right to contraception, abortion, fertility treatment, reproductive health, and access to information about one's reproductive body.
11	Paxlovid is an oral antiviral pill used to treat COVID-19.
12	A zero-COVID policy is an attempt to prevent any community spread of the coronavirus by keeping cases as close to zero as possible.
13	Monkeypox is an infectious disease caused by a virus. It can cause a painful rash, enlarged lymph nodes and fever.
14	Blackfishing is the act of someone who is not Black pretending to be Black with the use of methods such as makeup, tanning, or technology like filters and Photoshop.
15	A photo dump is a random collection of photos that aren't too curated or edited.
16	Airborne transmission is transmission of an infectious disease through small particles suspended in the air.
17	A “neurodivergent” person refers to a person on the autism spectrum or, more generally, to someone whose brain processes information in a way that is not typical of most individuals.
18	A work life revolution is a change in how employees see the role of work in their lives and places more importance on valuing their personal lives.
19	Gender pronouns are the set of pronouns that an individual wants others to use to reflect that person's gender identity
20	A bivalent booster is a vaccine that protects against both the original virus that causes the disease and any new variants.
21	Latinx refers to a person of Latin American origin or descent and is used as a gender-neutral or nonbinary alternative to Latino or Latina.
22	A seller concession is a portion of the buyer's closing costs and prepaid expenses that the seller agrees to pay for, lowering the overall upfront costs for the buyer.
23	"Pushing P" roughly means keeping it real and staying true to oneself.
24	Platform engineering is the discipline of designing and building Internal Developer Platforms, toolchains and workflows that enable self-service capabilities for software engineering organizations.
25	A minichurch is a religious congregation of a small group of people.
26	Crypto winter refers to a prolonged bear market in the cryptocurrency industry, characterised by a significant decrease in the prices of cryptocurrencies and a reduction in market capitalization.
27	A kpi is a type of performance measurement that evaluates the success of an organization or of a particular activity in which it engages.
28	The butterfly cut is a very layered, feathery haircut thats longest layers fall just below the shoulder.
29	wokeness is the quality of being alert to and concerned about social injustice and discrimination.
30	A culture budget is money allocated to focus on the behavior of employees and whether the people in the organization are acting in the ways that will help the organization move forward in the right direction.
31	An NFT is a unique digital identifier that is recorded on a blockchain, and is used to certify ownership and authenticity.
32	A satanic panic is a phenomenon that sees the rise of baseless conspiracy theories about cults committing mass child abuse spread around the country.
33	Gender-affirming care encompasses a range of social, psychological, behavioral, and medical interventions “designed to support and affirm an individual’s gender identity” when it conflicts with the gender they were assigned at birth.
34	Cyber-insurance is a specialty insurance product intended to protect businesses from Internet-based risks, and more generally from risks relating to information technology infrastructure and activities.
35	Longtermism is the ethical view that positively influencing the long-term future is a key moral priority of our time.
36	A Blue Alert provides information about violent offenders who have killed, seriously injured, or pose an imminent and credible threat to law enforcement.
37	Maskne is a breakout of acne or a related skin condition that is caused by wearing a face mask over an extended period of time.
38	Hybrid work is a flexible working model where employees work partly in the physical workplace, and partly remotely – at home or from another workspace.
39	Gigfluencers are people with full-time jobs who perform social media influencer tasks on the side.
40	A masculine urge is an urge to do something as a man.
41	A feminine urge is an urge to do something as a woman.
42	A burn pit is an area devoted to open-air combustion of trash.
43	An infection is said to be endemic in a specific population or populated place when that infection is constantly present, or maintained at a baseline level, without extra infections being brought into the group as a result of travel or similar means.
44	Stagflation is persistent high inflation combined with high unemployment and stagnant demand in a country's economy.
45	A stay-at-home girlfriend is a long term girlfriend who doesn't work and is completely supported by her partner financially.
46	Adaptogenic mushrooms are mushrooms that may help reduce the effects of stress on your body.
47	Being anti-black is defined as the beliefs, attitudes, actions, practices, and behaviors of individuals and institutions that devalue, minimize, and marginalize the full participation of Black people.
48	CRISPR is a technology that research scientists use to selectively modify the DNA of living organisms.
49	Mermaidcore is an aesthetic focusing on imagery and fashion related to mermaids.
50	Rollups refers to a crypto scaling solution for blockchains which involvesr compiling a bunch of transactions on a layer 2 blockchain and turning them into a single piece of data to broadcast on a Layer 1 blockchain.
51	Pearlcore is an aesthetic that uses shiny pearls in clothing and home decor.
52	Adaptogens are plants and mushrooms that help your body respond to stress, anxiety, fatigue and overall wellbeing.
53	Delta 8 is a psychoactive cannabinoid found in the Cannabis plant.
54	A smart contract is a computer program or a transaction protocol that is intended to automatically execute, control or document events and actions according to the terms of a contract or an agreement.
55	A gerontocracy is a state, society, or group governed by old people.
56	Liquid chlorophyll is a supplement that is extracted from the pigment chlorophyll found in plants.
57	Privilege escalation is the act of exploiting a bug, a design flaw, or a configuration oversight in an operating system or software application to gain elevated access to resources that are normally protected from an application or user.
58	Climate migration is a subset of climate-related mobility that refers to primarily voluntary movement driven by the impact of sudden or gradual climate-exacerbated disasters.
59	Dirty soda is a drink consisting of soda "spiked" with cream and flavored syrups or fruit juices.
60	A supply chain disruption is any event that causes a disruption in the production, sale, or distribution of products.
61	Metamaterials are synthetic composite materials with a structure such that it exhibits properties not usually found in natural materials, especially a negative refractive index.
62	Blokecore describes a particular subculture and clothing of a vintage football fan.
63	An airtag is a tracking device that helps people find personal objects.
64	Woke is an adjective meaning "alert to racial prejudice and discrimination".
65	A controlled burn is a fire set intentionally for purposes of forest management, fire suppression, farming, prairie restoration or greenhouse gas abatement.
66	Visible mending isr the technique of deliberately fixing a piece of clothing in a decorative way.
67	Sea moss typically refers to a specific type of algae or seaweed.
68	RMDs stand for required minimum distributions, which are minimum amounts that U.S. law requires one to withdraw annually from retirement plans.
69	A butter board is a dish consisting of soft butter, spread over a wooden cutting board, and sprinkled with condiments, ingredients and edible decorations such as salt, pepper, chili flakes, honey, lemon zest, fruit or vegetable slices, herbs or edible flowers.
70	An organoid is an artificially grown mass of cells or tissue that resembles an organ.
71	Pay transparency refers to the practice of openly sharing information about compensation with employees and job candidates.
72	Housing insecurity is the lack of security in an individual shelter that is the result of high housing costs relative to income, poor housing quality, unstable neighborhoods, overcrowding, and, but may not include, homelessness.
73	A rate hike is the raising of interest rates by the government to slow the amount of money circulating through the economy.
74	Therapy-speak is prescriptive language describing certain psychological concepts and behaviors.
75	A Green bond is a fixed-income financial instruments which is used to fund projects that have positive environmental and/or climate benefits.
76	Egg freezing is a procedure to preserve a woman's eggs. This technique has been used to enable women to postpone pregnancy to a later date – whether for medical or social reasons.
77	The Great Resignation is an ongoing economic trend in which employees have voluntarily resigned from their jobs en masse, beginning in early 2021 in the wake of the COVID-19 pandemic.
78	A hydrogen car uses the element hydrogen as fuel for motive power.
79	Twisties are the loss of spatial awareness or physical orientation resulting in an inability to execute gymnastics skills previously within an athlete's repertoire.
80	Synthetic nicotine is nicotine that is created in a laboratory and not derived from tobacco.
81	Inclusion in education refers to all students being able to access and gain equal opportunities to education and learning.
82	Finsta is a fake Instagram account. People use Finstas to post content that is deemed inappropriate or too private for their main Instagram account.
83	FAANG is an acronym for the five best-performing American tech stocks in the market: Meta (formerly Facebook), Apple, Amazon, Netflix, and Google.
84	Puddle lights are the car lamps placed just below the mirror that illuminate the ground near the car door.
85	Soft girl is a fashion style and a lifestyle, popular among some young women on social media, based on a deliberately cutesy, feminine look with a girly girl attitude
86	Woke capital refers to a form of marketing, advertising and corporate structures that pertains to sociopolitical standpoints tied to social justice and activist causes.
87	Marital hatred is that time period in a marriage where the partners see each other in a negative light too often.
88	Microaggression is a term used for commonplace verbal, behavioral or environmental slights, whether intentional or unintentional, that communicate hostile, derogatory, or negative attitudes toward stigmatized or culturally marginalized groups.
89	Goblin mode is the rejection of societal expectations in a hedonistic manner without concern for one's self-image.
90	Porpoising describes a car mimicking the movement of a porpoise as it travels through water by bouncing up and down on their suspension.
91	A digital detox is a period of time during which a person refrains from using electronic devices such as smartphones or computers, regarded as an opportunity to reduce stress or focus on social interaction in the physical world.
92	Intersectionality is the interconnected nature of social categorizations such as race, class, and gender as they apply to a given individual or group, regarded as creating overlapping and interdependent systems of discrimination or disadvantage.
93	Cash stuffing involves setting aside cash in marked envelopes for different spending categories and only spending what you've allocated each month.
94	Postbiotics are the waste left behind after your body digests both prebiotics and probiotics.
95	Buccal fat is the fat between your cheekbones and jaw bones that help make up the shape of your face.
96	The tripledemic refers to a collision of RSV﻿ (respiratory syncytial virus), flu, and COVID-19 to the extent that it might overwhelm hospital emergency departments.
97	Generative AI is a type of artificial intelligence technology that can produce various types of content, including text, imagery, audio and synthetic data.
98	Straight coded refers to a character in media that has a subtextual coding as being heterosexual.
99	FNF refers to women who are single and free, not hassled by a deadbeat boyfriend that fails to treat her well.
100	A pick me girl is a person who begs for the attention and approval of a specific group in everything they say and do. In most cases, they seek "to gain the attention and acceptance of the opposite gender."
101	"Rizz" is a slang term often used to describe someone's ability to flirt and be charming, especially for their verbal communication while pursuing a romantic interest.
102	RCTA stands for 'Race Change To Another,' which refers to the concept that a person can transition to another race.
103	Remote workers are employees who have a type of flexible working arrangement that allows them to work from remote location outside of corporate offices.
104	A "poison pill" is a type of defensive tactic used by a corporation's board of directors against a takeover.
105	Decarbonomics provides a data driven portfolio level approach to allow companies, to successfully decarbonise and implement cost effective net zero transitions.
106	A windfall tax is a higher tax rate on profits that ensue from a sudden windfall gain to a particular company or industry.
107	A webinar is a seminar or other presentation that takes place on the internet, allowing participants in different locations to see and hear the presenter, ask questions, and sometimes answer polls.
108	Microplastics are extremely small pieces of plastic debris in the environment resulting from the disposal and breakdown of consumer products and industrial waste.
109	Mpox is an infectious disease caused by the monkeypox virus. It can cause a painful rash, enlarged lymph nodes and fever.
110	Climate doomism is the view that humanity has lost the climate battle, and we feel nothing but helplessness and anxiety about it.
111	ChatGPT is an artificial intelligence (AI) chatbot that uses natural language processing to create humanlike conversational dialogue.
112	Dating Wrapped is the Spotify-inspired TikTok trend that encourages people to reflect on their best and worst dating moments of 2022.
113	The “internal shower” is a drink made from chia seeds and lemon water that is supposed to relieve constipation, and which is currently a viral trend on TikTok.
114	Thick water is water that is thickened to allow a person with dysphagia to swallow the water safely and properly.
115	Remote surgery is the ability for a doctor to perform surgery on a patient even though they are not physically in the same location.
116	Innovation districts are urban geographies of innovation where companies and other private actors develop integrated strategies and solutions to develop thriving innovation ecosystems–areas that attract entrepreneurs, startups, and business incubators.
117	Vaccine nationalism occurs when governments sign agreements with pharmaceutical manufacturers to supply their own populations with vaccines ahead of them becoming available for other countries.
118	Vertical transmission is the transfer of pathogens and microbes from the parent directly to the offspring.
119	Digital transformation is the process of adoption and implementation of digital technology by an organization in order to create new or modify existing products, services and operations by the means of translating business processes into a digital format.
120	Small modular reactors are nuclear fission reactors that are smaller than conventional nuclear reactors, which can be built in one location, then shipped and operated at a separate site.
121	Intermittent fasting is any of various meal timing schedules that cycle between voluntary fasting and non-fasting over a given period.
122	Dark patterns are "user interfaces that have been carefully crafted to trick users into doing things, such as buying overpriced insurance with their purchase or signing up for recurring bills".
123	Neopronouns are a category of neologistic English third-person personal pronouns beyond "he", "she", and "they". Neopronouns are preferred by some non-binary individuals who feel that they provide options to reflect their gender identity more accurately than conventional pronouns.
124	A premium bank account is a type of bank account in which account holders are rewarded for meeting high balance requirements or paying higher monthly fees.
125	equity investing is the process of investing money in a company by purchasing shares of that company in the stock market.
126	Transmasculine refers to a person who was registered as female at birth but whose gender identity is in some way aligned with or characterized by masculinity.
127	Transfemme is a broader umbrella term for assigned-male trans individuals with a predominantly feminine identity or gender expression.
128	A meal kit is a subscription service–foodservice business model where a company sends customers pre-portioned and sometimes partially-prepared food ingredients and recipes to prepare home-cooked meals.
129	Energy imbalance is a condition in which energy output exceeds energy intake.
130	Clickbait culture is a culture of using sensationalized headlines or pieces of text on the internet designed to entice people to follow a link to an article on another web page.
131	An anti-racist has beliefs which encompass a range of ideas and political actions which are meant to counter racial prejudice, systemic racism, and the oppression of specific racial groups.
132	Carbon farming is a name for a variety of agricultural methods aimed at sequestering atmospheric carbon into the soil and in crop roots, wood and leaves.
133	Herd immunity is a form of indirect protection that applies only to contagious diseases. It occurs when a sufficient percentage of a population has become immune to an infection, whether through previous infections or vaccination, thereby reducing the likelihood of infection for individuals who lack immunity.
134	Wind chill is the lowering of body temperature due to the passing flow of lower-temperature air.
135	Attack Surface Management (ASM) is the process of continuously identifying, monitoring and managing all internal and external internet-connected assets for potential attacks.
136	Fire weather is the use of weather terms like wind speed to determine whether conditions are favorable for fire growth and smoke dispersion.
137	Misgendering refers to someone using a word, especially a pronoun or form of address, that does not reflect their gender identity.
138	Lexical imperialism is defined as "the transfer of traits from a dominant language to other people". This language "transfer" (or rather unilateral imposition) comes about because of imperialism.
139	Embedded finance is the integration of financial services or products within nonfinancial services.
140	Pentesting is an authorized simulated cyberattack on a computer system, performed to evaluate the security of the system.
141	Cybersickness is a form of motion sickness that occurs as a result of exposure to immersive eXtended Reality (XR) environments, such as virtual reality (VR) and augmented reality (AR) applications.
142	Climate investing refer to the allocation of capital in projects, companies, and financial instruments that aim to mitigate the effects of climate change, promote sustainability, and foster the transition to a low-carbon economy.
143	Budget reconciliation is a special parliamentary procedure of the United States Congress set up to expedite the passage of certain budgetary legislation in the Senate.
144	Revenge bedtime procrastination is a psychological phenomenon that involves needlessly and voluntarily delaying going to bed, despite foreseeably being worse off as a result.
145	The rate of perceived exertion is a frequently used quantitative measure of perceived exertion during physical activity. Wikipedia
146	Lip flip is a cosmetic procedure that modifies the shape of the lips to increase the size of the lips.
147	The bear plank refers to holding a ground-based position using straight arms and bent legs, rather than straight arms and straight legs.
148	Ear seeds are seeds placed on your ear to serve as tiny acupressure devices.
149	CX refers to how a business engages with its customers at every point of their buying journey—from marketing to sales to customer service and everywhere in between. In large part, it’s the sum total of all interactions a customer has with your brand.
150	Defi offers financial instruments without relying on intermediaries such as brokerages, exchanges, or banks by using smart contracts on a blockchain, mainly Ethereum.
151	An oled is a light-emitting diode in which the emissive electroluminescent layer is a film of organic compound that emits light in response to an electric current.
152	Microschooling is seen as being in between homeschooling and private schooling and is designed to offer a full-year of education at around $10,000 or often less. Its growing popularity stems from a general dissatisfaction of how schools (public and private) often structure their content.
153	A stablecoin is a type of cryptocurrency where the value of the digital asset is supposed to be pegged to a reference asset, which is either fiat money, exchange-traded commodities, or another cryptocurrency.
154	The sixth mass extinction is the ongoing extinction event caused by humans damaging the environment (ecocide) during the Holocene epoch.
155	The Great Replacement is a white nationalist far-right conspiracy theory that states that, with the complicity of elites, the ethnic white populations are being demographically and culturally replaced with non-white people through mass migration and a drop in the birth rate of white people.
156	Carbon capture and storage is a process in which a relatively pure stream of carbon dioxide from industrial sources is separated, treated and transported to a long-term storage location.
157	Renewable natural gas is a biogas which has been upgraded to a quality similar to fossil natural gas and has a methane concentration of 90% or greater.
158	non-fungible tokens are a unique digital identifier that is recorded on a blockchain, and is used to certify ownership and authenticity.
159	Staking is when you lock crypto assets for a set period of time to help support the operation of a blockchain.
160	A draft opinion is a document where assigned justices draft and circulate opinions outlining their decision and their reasoning. assigned justices draft and circulate opinions outlining their decision and their reasoning.
161	A Split King Bed is a king size mattress that is split right down the middle.
162	Committed warming refers to future increases in global temperatures that will be caused by greenhouse gases that have already been emitted.
163	Intuitive eating is an approach to eating that focuses on the body's response to cues of hunger and satisfaction.
164	Dapps are applications that can operate autonomously, typically through the use of smart contracts, that run on a decentralized computing, blockchain or other distributed ledger system.
165	In-contest possession is a period where neither team has controlled possession of the ball and occurs through possession contests where both teams are challenging or trying to gain control of the ball.
166	hypersonic weapons are weapons capable of travelling at hypersonic speed, defined as between 5 and 25 times the speed of sound.
167	The Omicron variant is a variant of the COVID-19 virus.
168	Long covid is a syndrome characterized by the persistence or development of symptoms attributed to Covid-19 (typically including extreme fatigue, breathlessness, and muscle weakness) more than twelve weeks after initial infection.
169	Forever chemicals are used to make products grease proof, water-proof, stick-proof, and stain-resistant that are toxic to humans and nearly indestructible.
170	Dabloons are a fictional currency and internet trend which started circulating and are experiencing inflation.
171	PFAs are used to make products grease proof, water-proof, stick-proof, and stain-resistant that are toxic to humans and nearly indestructible.
172	Meme stocks are stocks that gain popularity among retail investors through social media. The popularity of meme stocks is generally based on internet memes shared among traders, on social media platforms.
173	Medical gaslighting describes a behavior in which a physician or other medical professional dismisses or downplays a patient's physical symptoms or attributes them to something else, such as a psychological condition.
174	Live service game are a type of video game that's designed to keep people engaged, so they play it for as long as possible.
175	Angel numbers are repeating number sequences, often believed to carry spiritual messages.
176	Nepo babies refer to the children of celebrities who have succeeded in careers similar to those of their parents
177	Student loan forgiveness means a debt (or part of a debt) is eliminated or forgiven in finance parlance—relieving the borrower of the obligation to repay it.
178	Zero-covid protest is a protest that occurs over a country's strict pandemic restrictions.
179	Mezcal is a distilled alcoholic beverage made from any type of agave.
180	Blue carbon refers to the role that tidal marshes, mangroves and seagrasses can play in carbon sequestration.
181	The "metaverse" is a hypothetical iteration of the Internet as a single, universal, and immersive virtual world that is facilitated by the use of virtual reality and augmented reality headsets.a
182	Task paralysis is the inability to start a task because you are feeling overwhelmed from all the things you have to do.
183	Rainbow fentanyl are fentanyl pills and powder that come in a variety of bright colors, shapes, and sizes that represent a deliberate effort by drug traffickers to drive addiction amongst kids and young adults.
184	Phrogging is the act of secretly living in another person's home without their knowledge or permission.
185	Flurona is a coinfection with influenza and COVID-19.
186	Quiet quitting is when employees continue to put in the minimum amount of effort to keep their jobs, but don't go the extra mile for their employer.
187	The social battery is a metaphor for explaining how much energy a person has for socializing.
188	Active listening is the practice of preparing to listen, observing what verbal and non-verbal messages are being sent, and then providing appropriate feedback for the sake of showing attentiveness to the message being presented.
189	Quiet firing is when management creates non-ideal work conditions to make an underperforming employee quit.
190	nonbinary refers to someone who does not identify as exclusively a man or a woman.
191	Whataboutism is the technique or practice of responding to an accusation or difficult question by making a counteraccusation or raising a different issue.
192	E-Learning Localization translates and adapts training content for a specific culture and language.
193	Intergenerational trauma is the psychological and physiological effects that the trauma experienced by people has on subsequent generations in that group.
194	Net-zero transition means cutting greenhouse gas emissions to as close to zero as possible, with any remaining emissions re-absorbed from the atmosphere, by oceans and forests.
195	Generational wealth refers to financial assets that are passed down through families to children, grandchildren and beyond.
196	Ozone therapy is an alternative medical treatment that introduces ozone or ozonides to the body.
197	Direct indexing involves purchasing the underlying shares of an index, rather than owning an index mutual fund or index exchange-traded fund.
198	DataOps is a set of practices and technologies that combines an integrated perspective on data with automation and methods from agile software engineering to improve quality, speed and collaboration and promote a culture of improvement in data analytics.
199	Uncombable means not capable of being combed.
200	Internalized homophobia is defined as the involuntary belief by lesbians and gay men that the homophobic lies, stereotypes and myths about them (that are delivered to everyone in a homophobic society) are true.
201	Gaslighting means to manipulate someone using psychological methods into questioning their own sanity or powers of reasoning.
202	A Data Culture is the collective behaviors and beliefs of people who value, practice, and encourage the use of data to improve decision-making.
203	A red flag law is a gun violence prevention law that permits a state court to order the temporary removal of firearms from a person who they believe may present a danger to others or themselves.
204	A hardship loan is a type of financing designed to help those in a financial crisis caused by an emergency expense or a shortage of earnings.
205	An atmospheric river is a narrow corridor or filament of concentrated moisture in the atmosphere.
206	Fast fashion is the business model of replicating recent catwalk trends and high-fashion designs, mass-producing them at a low cost, and bringing them to retail stores quickly while demand is at its highest.
207	Shopping small means supporting your neighbors, friends, and your community by going to local businesses.
208	Gingerbread decor are decorations for your house or for a gingerbread house that embodies the feeling of Christmas.
209	Healthy coke refers to a very simple combination of sparkling seltzer water and balsamic vinegar.
210	Explainable AI refers to an AI system over which it is possible for humans to retain intellectual oversight and the methods to achieve this. Explainable AI is used to describe an AI model, its expected impact and potential biases.
211	Tinned fish is fish which has been processed, sealed in an airtight container such as a sealed tin can, and subjected to heat.
212	Jaw-lighting is placing a small, subtle strip of highlighter right above the jawline to make the jaw look more defined.
213	Christian nationalism is a type of religious nationalism that is affiliated with Christianity, in which the end goal is to achieve an absolute Christian theocracy within a society.
214	Multifamily construction refers to the building of residential buildings with multiple units that can house multiple families.
215	Deaths of despair are deaths that are prevalent in groups of people who experience despair due to a sense that their long-term social and economic prospects are bleak. Examples of this are suicide, drug or alcohol overdose, or liver failure.
216	Social isolation is the lack of social contacts and having few people to interact with regularly.
217	Virtual learning refers to an environment where students study a digital-based curriculum taught by instructors that lecture online via video or audio.
218	Prediabetes is a condition characterized by slightly elevated blood glucose levels, regarded as indicative that a person is at risk of progressing to Type 2 diabetes.
219	Midterm blues is the tendency of electorate to grow disillusioned with government around halfway through its term of office.
220	Vers refers to being a person who is willing to take either a penetrative or a receptive role in a particular sexual act.
221	Superposition strategies are ways that white people speak of People of Color in contradictory ways to legitimize their own racial identity.
222	Barbiecore is a bright, vibrant trend defined by a very particular color pink that was popularized by the toy and the movie.
223	Bullish means to be characterized by rising share prices.
224	Magaga is Trump's new slogan that means make America great and glorious again.
225	A Christian nationalist is someone who wishes to create a government defined by Christian beliefs and values.
226	Revenge travel is a slang term for leisure travel that follows a period of being unable to travel, such as the quarantine.
227	Surveillance advertising is the systematic harvesting, marketing, and utility of digital surveillance through mechanisms such as cookies, advertising identities, and browser fingerprinting.Apr
228	A book sanctuary is a place where endangered books have a safe place to be displayed and accessed and are protected from censorship.
229	Immunity debt refers to the idea that masking and social distancing temporarily held off infections, which are now occurring as population behavior allows the greater spread of pathogens.
230	The Orange Pill is the process of introducing someone to cryptocurrency.
231	Cisgender refers to a person whose gender identity corresponds with the sex registered for them at birth
232	A twin flame is an intense soul connection with someone thought to be a person's other half, sometimes called a "mirror soul."
233	Big Tech refers to the most dominant information technology companies.
234	Being overemployed refers to individuals that work two or more full-time jobs at the same time.
235	Reality shifting is a term used to describe the belief that one can alter the reality they are experiencing through intentional focus and visualisation.
236	Vabbing is the application of vaginal secretions as a perfume.
237	Siren Eyes refers to the makeup style that evokes that seductive energy that typically involves smokey black eyeliner that really elongates the eye
238	A crypto mayor is is a digital or political leader that has a favorable stance towards cryptocurrencies and intends to incorporate them into policies.
239	Preprints are versions of a scholarly or scientific paper that precede formal peer review and publication in a peer-reviewed scholarly or scientific journal.
240	Immersive art is an interactive and experiential form of art that differs from traditional art forms in that it allows for a more immersive and interactive experience for the viewer.
241	Zero touch IT refers to the use of automation to manage and maintain IT processes without the need for human intervention.
242	A yimby is a a person who supports new development in the area where they live, typically in order to increase the availability of housing.
243	Workplace bias refers to the discrimination that individuals may face while in the workplace.
244	Influencer marketing is a form of social media marketing involving endorsements and product placement from influencers, people and organizations who have a purported expert level of knowledge or social influence in their field.
245	Sleep debt is the cumulative effect of not getting enough sleep. A large sleep debt may lead to mental or physical fatigue.
246	Virtual instruction is when a course is taught either solely online or when components of face-to-face instruction are taught online.
247	Gorpcore is a fashion trend in which outerwear typically designed for outdoor recreation is worn as streetwear.
248	A coastal grandmother is a person who embodies a laid-back lifestyle akin to a retired grandmother living by the seaside.
249	Dropshipping is a form of retail business in which the seller accepts customer orders without keeping stock on hand.
250	Microcredentials are courses that culminate in a digital badge from an accredited university. They let employers and your professional network know that you have proficiency in a subject area.
251	A MOOC is a massive open online course which is made available over the internet without charge to a very large number of people.
252	multichrome is a spray chrome paint combined with an intense prismatic color change effect.
253	Pandemic pink is a new color trend centered around pink which has become popular during the pandemic.
254	Anti-trans violence includes emotional, physical, sexual, or verbal violence directed towards transgender people.
255	Vishing is the fraudulent practice of making phone calls or leaving voice messages purporting to be from reputable companies in order to induce individuals to reveal personal information, such as bank details and credit card numbers.
256	Violent, criminal acts committed by individuals and groups who are inspired by, or associated with extremist ideologies.
257	An index fund is a portfolio of stocks or bonds designed to mimic the composition and performance of a financial market index.
258	eGFR (estimated glomerular filtration rate) is a measure of how well your kidneys are working.
259	The golden-hour makeup trend is a look that captures that warm and glowing light at sunrise and sunset.
260	Hotel quarantine is the practice of isolating new arrivals at hotels to reduce the risk of the spread of a virus during the pandemic.
261	Brain fog describes changes in someone's mental clarity and ability to think or process, often as a result from COVID.
262	Baby-led weaning is an approach to adding complementary foods to a baby's diet of breast milk or formula.
263	Intrusive thoughts are ideas and images that come to mind uninvited and typically unwanted.
264	Codify means to arrange laws, rules, or new decisions into a systematic code.
265	Being immunocompromised means you have a weak immune system.
266	Vaccine efficacy is the percentage reduction of disease cases in a vaccinated group of people compared to an unvaccinated group.
267	Hybrid work is a flexible working model where employees work partly in the physical workplace, and partly remotely – at home or from another workspace.
268	An SPAC is a shell company formed to acquire a private company, thus making the private company public without going through the initial public offering process.
269	Roguelike is a subgenre of role-playing computer games traditionally characterized by a dungeon crawl through procedurally generated levels, turn-based gameplay, grid-based movement, and permanent death of the player character.
270	Passive income is a type of unearned income that is acquired with minimal labor to earn or maintain. It is often combined with another source of income, such as regular employment or a side job.
271	Excited delirium is a controversial, pseudoscientific diagnosis sometimes characterized as a potentially fatal state of extreme agitation and delirium.
272	A conserved environment is an environment that has been successfully protected by individuals, groups, and governments.
273	Carbon neutral means that there is no net release of carbon dioxide to the atmosphere, and it is often achieved through offsetting emissions by planting trees.
274	Culture fit refers to how compatible employees are with a company's culture, goals, and values.
275	A devious lick is the act of stealing items like soap dispensers, signs, or boxes of disposable masks from schools and bragging about it online.
276	Wanderlust is a strong desire to travel, especially after the pandemic.
277	Under-eye makeup is a new trend that uses purple, blue, and red eyeshadows and liners to create deep, dark under-eye circles.
278	Scalp popping is when pull the hair so hard you pop the galea off of the skull that you create a popping sound.
279	Regenerative agriculture is a conservation and rehabilitation approach to food and farming systems.
280	Trip stacking is where eager travellers book two, or even three, separate trips that are flexible and refundable.
281	Dry scooping is a TikTok trend encouraging people to take pre-workout powders without water.
282	Beaning is a trend where kids are posting a video of themselves pouring multiple cans of baked beans on someone's front porch.
283	A red flag is a sign that indicates you should be wary or cautious of someone in a relationship.
284	Hardballing is a term to explain when you tell someone all of your expectations upfront before you even go out on a first date.
285	decarbonization is the reduction or elimination of carbon dioxide emissions from a process such as manufacturing or the production of energy.
286	Ecofascism is a term used to describe individuals and groups which combine environmentalism with fascism. It is defined as a totalitarian government that requires individuals to sacrifice their interests to the well-being of the land.
287	Climate anxiety is fundamentally distress about climate change and its impacts on the landscape and human existence.
288	A fake commute is a ritual that you do before the start and end of your workday that people use to bring structure to their lives during the pandemic.
289	Micromobility is transportation using lightweight vehicles such as bicycles or scooters, especially electric ones that may be borrowed as part of a self-service rental program in which people rent vehicles for short-term use within a town or city.
290	Virtual selling is the collection of processes and technologies by which salespeople engage with customer remotely with both synchronous and asynchronous communications.
291	Remote work is the practice of working from one's home or another space rather than from an office.
292	telemedicine is the remote diagnosis and treatment of patients by means of telecommunications technology.
293	Black Marxism is a movement that introduces racial analysis to Marxism and analyzes Marxism through the experience and lens of black people.
294	Sunshine laws are regulations requiring transparency and disclosure in government or business.
295	Telehealth is the provision of healthcare remotely by means of telecommunications technology.
296	Striketober was a labor strike wave in October 2021 by workers in the United States in the context of strikes during the COVID-19 pandemic.
297	The Bentellect trend is a trend of adding a random creepy or scary picture at the end of the video to scare someone watching.
298	Omniromantic is a romantic orientation where a person is attracted to all genders, sometimes with a preference for certain genders.
299	Claiming to be a movement that represents a new sexual orientation, Super Straight is supposed to be a designation for people who are so straight that they can’t possibly be attracted to a trans person.
300	A bra strap bracelet is an elastic bracelet made from bra straps and adorned with charms, personalised stitching and logos.
301	Bing bong is a nonsensical phrase that people use when excited or emphasizing a point.
302	Icing  is a frat star drinking game. The rules are simple: If a person sees a Smirnoff Ice, he or she must get down on one knee and chug it, unless they happen to be carrying their own Smirnoff, in which case they can "ice block," or refract the punishment back onto the attacker.
303	Birdnesting is a way of living that enables children to remain in the family home and spend time with each parent there. Divorced parents remain in one home while the parents take turns moving in and out based on the parenting plan.
304	Soft launching a relationship means teasing that you're in a relationship without sharing any details—or even, in many cases, your new partner's face.
305	Hogging is a disgusting competition, usually between a group of men that involves going to a house party where participants go with the direct intention of hooking up with the fattest girl at the party.
306	A land acknowledgement or territorial acknowledgement is a formal statement that a public event is taking place on land originally inhabited by indigenous peoples.
307	Sussy baka is a phrase that refers to someone that is a foolish and a suspicious idiot.
308	yt is an abbreviation that refers to white people.
309	Student loan cancellation, if enacted, would be a one-time mechanism to erase student loan debt for current student loan borrowers.
310	Queerbaiting is the incorporation of apparently gay characters or same-sex relationships into a film or other form of media as a means of appealing to gay and bisexual audiences while maintaining ambiguity about the characters' sexuality.
311	Heroyam is part of a salute referring to Ukrainian independence.
312	A pa-c is a certified physician assistant, who is a healthcare professional trained to diagnose and treat illness as well as provide preventive care under physician supervision.
313	Fatphobic describes having negative attitudes and stereotypes surrounding and attached to larger bodies.
314	Cishets means that a person is both cisgender and heterosexual. A cishet person identifies with the gender they were assigned at birth, and they choose romantic partners of the opposite sex.
315	Business-to-administration (B2A) refers to all transactions between companies and public administrations or government agencies.
316	High-risk refers to individuals who are at risk of developing dangerous symptoms of COVID-19.
317	An Instagrammer is someone who gets on Instagram.
318	A werebear is a shapeshifter who can change between bear and human form.
319	Recomposition is defined as restructuring your body's body fat and lean body mass percentage through diet and exercise.
320	Defunded means a group or organization has been prevented from continuing to receive funds.
321	The Norns are deities in Norse mythology responsible for shaping the course of human destinies.
322	Tibs is an Ethiopian dish consisting of stir-fried meat and vegetables.
323	Psilocin is a hallucogenic chemical that occurs in magic mushrooms.
324	A subathon is a type of livestream where a streamer sets a goal of getting a certain number of subscriptions in a fixed time period.
325	The Ktuner is a device that hooks into you car's port to download different programs in your ECU to give it more performance.
326	Disinformation is false information which is intended to mislead, especially propaganda issued by a government organization to a rival power or the media.
327	blm is a movement and phrase meaning "black lives matter" that advocates against police brutality and anti-black racism.
328	Handwashing, also known as hand hygiene, is the act of cleaning one's hands with soap or handwash and water to remove viruses/bacteria/microorganisms, dirt, grease, or other harmful and unwanted substances stuck to the hands.
329	Sheeee is another way to say damn.
330	Oligarchs refer to the business leades of the former Soviet republics who rapidly accumulated wealth in the 1990s via the Russian privatisation that followed the dissolution of the Soviet Union.
331	Nunbers is a typo of the word number.
332	Florona is apparently the name given to the condition when a patient contracts both Covid-19 and Influenza.
333	A midlander is a native or inhabitant of the Midlands of England.
334	mbn is an acronym that means "must be nice".
335	wcq is an acronym that refers to the world cup qualification tournament.
336	Spirted is a typo of the word spirited and means full of energy, enthusiasm, and determination.
337	nlg is an acronym that means "natural language generation".
338	Cov2 is a positive-sense single-stranded RNA virus that is contagious in humans.
339	Slowed is a style of music where the song's tempo is slowed and has a large amount of reverb added to the song.
340	Volatility is liability to change rapidly and unpredictably, especially for the worse, referring to stock prices during the pandemic.
341	Doubling means becoming twice as much or as many, referring to COVID-19 cases.
342	NVMe (nonvolatile memory express) is a new storage access and transport protocol for  solid-state drives that delivers the highest throughput and fastest response times yet for all types of enterprise workloads.
343	A dupe is an abbreviation of the word "duplicate".
344	Covishield is a vaccine for the prevention of COVID-19.
345	A civet is a slender nocturnal carnivorous mammal with a barred and spotted coat and well-developed anal scent glands, native to Africa and Asia.
346	QNTM is an abbreviation of the word "quantum" that refers to quantum computers.
347	Fie is an abbrevation of the word fire and is usually used to compliment something.
348	Bougie relates to or is characteristic of a person who indulges in some of the luxuries and comforts of a fancy lifestyle.
349	A kwh is a kilowatt-hour which is the energy delivered by one kilowatt of power for one hour.
350	Projekt is an alternate spelling of the word project.
351	Streamables are tools to share, upload, and edit videos and livestreams.
352	Unseelie refers to evil malevolent fairies.
353	A copypasta is a block of text copied and pasted to the internet and social media.
354	TCG is an acronym for "trading card game."
355	Boober can refer to someone who is a fan of breasts or be used as a nickname for a person or pet.
356	An overshirt is a shirt usually worn over another shirt without being tucked in.
357	Bucked is used in an idiom that describes the process of becoming encouraged, reinvigorated, or cheerful.
358	An expurgation of a work is a form of censorship that involves purging anything deemed noxious or offensive from an artistic work or other type of writing or media.
359	Nimby'ism is a movement where people are opposed to having something be built or done near where they live, even though it is a necessity and does need to be built somewhere.
360	Terpy is slang for terpenes and describes someone who smokes thc often.
361	Ticktoker is someone who uses the social media service TikTok, especially someone who shares short videos they have made, often of themselves doing an activity and including music.
362	Unsleeping means not sleeping.
363	Badussy is a slang term that combines the words "butt," "dick" and "pussy".
364	Comphet stands for compulsory heterosexuality and is the theory that heterosexuality is assumed and enforced upon people by a patriarchal and heteronormative society.
365	Satiety is the feeling or state of being sated.
366	Gothicutie is a combination of the words gothic and cutie and defines a clothing style.
367	Sepratist is a mispelling of the word "separatist" and refers to rebels who want to form a new government in a region, like in Ukraine.
368	Hateth is an archaic form of the word "hate."
369	Narp is an acronym for "non-athletic regular person" which describes college students that are not in D1 athletics.
370	Haptics are technologies that can create an experience of touch by applying forces, vibrations, or motions to the user.
371	The mindset that any dream and goal can be achieved by putting 110% effort, working hard, and giving all you have in something to make money.
372	A streamer is a type of influencer who broadcasts themselves online through a live stream to an audience.
373	Cocsa is an acronym that stands for "child on child sexual abuse."
374	Automated machine learning (AutoML) is the process of applying machine learning (ML) models to real-world problems using automation.
375	Undoctured is a misspelling of the word "undoctored" and often refers to unedited footage like bodycam footage from the police.
376	A person who makes YouTube videos using Gacha games like Gacha life.
377	Bogos refer to sales deals is an acronym for "buy one get one free".
378	Swissmas is a combination of the word Christmass and Swiss and refers to Christmas in Switzerland.
379	Floofy means feathery, puffy, and light.
380	Touchless relates to technology that is operated by means of gestures rather than by touching a control or interface.
381	A health professional (usually nurse) who takes on some of the roles traditionally performed by the doctor.
382	Lionesses refer to the English female soccer team.
383	Whipped is a relationship term that describes when someone lets their romantic partner have a great deal of control over what they do, where they go, etc.
384	Zerocarb refers to a diet which limits carbohydrates like grains and starchy vegetables.
385	A mechagnome is a mechanical gnome which is present in fantasy games.
386	Raddle means to mark or paint with raddle, or red ocher.
387	Lollys is short for lolipops.
388	Testing is the action or process of testing or checking someone or something, often referencing testing for presence of the COVID-19 virus.
389	Bioactive means that a substance has a biological effect.
390	Peped is  a popular way of expressing approval of the music which is being played, or expressing joy on livestream platforms.
391	psyop are military operations usually aimed at influencing the enemy's state of mind through noncombative means such as the distribution of information.
392	Overreacting means to respond more emotionally or forcibly than is justified, which was used often at the beginning of the pandemic.
393	Vaccinators are people who gives injections of a vaccine to people.
394	Deferral is a postponement of an action or event, which occurred with tax and payment deadlines during the first months of the COVID-19 pandemic.
395	Mansplaining is the explanation of something by a man, typically to a woman, in a manner regarded as condescending or patronizing.
396	Inbred means that someone's parents are related and is often used as an insult to call someone stupid online.
397	BLW is an approach to adding complementary foods to a baby's diet of breast milk or formula.
398	The Omnicrom variant is a variant of the COVID-19 virus.
399	Nonce is slang for a rapist or child molester; a sexual offender.
400	OSDD (Other specified dissociative disorder) is a mental health diagnosis for pathological dissociation that matches the DSM-5 criteria for a dissociative disorder, but does not fit the full criteria for any of the specifically identified subtypes.
401	A bodycam is a small video camera worn on the body, typically used by police officers to record arrests, evidence from crime scenes, etc.
402	Dreamgender is a xenogender identity in which one is a different gender in their dreams than when they are awake.
403	Phygital is a marketing term that describes blending digital experiences with physical ones.
404	A dosser is a homeless person.
405	A moonlet is a small moon.
406	HSR is an abbreviation for high speed rail.
407	Mandates are official orders or commissions to do something which were used during the pandemic to prevent the spread of COVID-19.
408	Neotrad is someone who believes in old practices and institutions and modifies them to accommodate the modern context.
409	Hellfire is the fire or fires regarded as existing in hell.
410	A bestie means a person's best friend and can be used ironically online.
411	Facepiece is a device that allows exhaled air to leave a respiratory device and prevents outside air from entering through the valve.
412	Ebug means emergency back up goalie in hockey.
413	CBDA is a cannabinoid found in cannabis plants.
414	A tuddy is slang for touchdown in American football.
415	Tawbah is a part of the all compassing mercies of the Most Merciful Lord.
416	A superstonk is a term used to describe the dramatic increase in the stock price of certain publicly-traded companies resulting from retail investors buying stocks heavily on platforms like Robinhood.
417	IRMAA is an amount you may pay in addition to your Medicare premium if your income is above a certain level.
418	To disassociate means to disconnect mentally from one's thoughts, feelings, memories or sense of identity.
419	EICR stands for 'Electrical Installation Condition Report'. An EICR is when your electrical installations are tested by a 'skilled' person to ensure they are safe and they will not cause any fire risks or electric shocks.
420	Long-term means occurring over or relating to a long period of time and is used to refer to chronic symptoms of patients who contracted COVID-19.
421	BIPOC stands for Black, Indigenous, and people of color.
422	Baldski is a joke word that refers to a bald person.
423	Reaponsible is a misspelling of the word "responsible."
424	WANs are wide area networks, which are computer networks in which the computers connected may be far apart, generally having a radius of half a mile or more.
425	Headscissors is a hold in which a wrestler wraps his or her legs around either side of the opponent's head, crossing them under the opponent's chin, and squeezing.
426	A pretext is an excuse to do something or say something that is not accurate.
427	EtOH is the scientific formula for ethanol alcohol.
428	An RVU, or relative value unit, is a measure of value used in the United States Medicare reimbursement formula for physician services.
429	first-person is used online to refer to a type of video game whose gameplay involves shooting enemies and other targets and in which a player views the action as though through the eyes of the character they are controlling.
430	Grizzles is a misspelling of the word Grizzlies.
431	Ivermectine is a medication that treats some parasitic diseases, and it was falsely believed to cure COVID-19.
432	Hyperpop is a genre of music that is characterised by a maximalist or exaggerated take on popular music, and artists within the genre typically integrate pop and avant-garde sensibilities while drawing on elements commonly found in electronic, hip hop, and dance music
433	Runtz is a hybrid cannabis strain.
434	Hagakure is a practical and spiritual guide for a warrior, drawn from a collection of commentaries by a regional ruler of Japan.
435	Hoarfrost is a grayish-white crystalline deposit of frozen water vapor formed in clear still weather on vegetation, fences, etc.
436	infantilizing means that someone is treating another person as a child or in a way which denies their maturity in age or experience.
437	A bagelry is a place where bagels are made and sold.
438	Demisexual means someone is experiencing sexual feelings and attraction only after developing a close emotional relationship and not on the basis of first impressions, physical characteristics, etc.
439	LGBTA stands for Lesbian, Gay, Bisexual, Transgender, Asexual.
440	A babymomma is the mother of one or more of a man’s children, especially one who is not his wife or current partner.
441	Wdy is an acronym for "why don't you".
442	Unvaccinated means someone is not inoculated with a vaccine to provide immunity against a disease, commonly referenced for the COVID-19 vaccine.
443	A shash is a long piece of ribbon, silk, etc, worn around the waist like a belt or over one shoulder, as a symbol of rank.
444	liming is when people are hanging around, usually in a public place with friends, enjoying the scene.
445	To criminalize means to turn (an activity) into a criminal offense by making it illegal.
446	Asbestosis is a chronic lung condition that is caused by prolonged exposure to high concentrations of asbestos fibers in the air.
447	Restrictions are limiting conditions or measures, especially a legal ones, which were referenced during the COVID-19 pandemic to stop the spread of the disease.
448	Superspreading is the process whereby a person transmits an infectious disease or agent to an unexpectedly or unusually large number of other people.
449	NFTd means to turn something into a non-fungible token to sell online.
450	GOAT'ed means being or considered the greatest of all time.
451	Tourmalated quartz is a type of quartz crystal with long, narrow inclusions of tourmaline.
452	Pesbian is a lesbian who was formerly a lesbian but became a heterosexual after seeing a man.
453	Pfizer+ is a monthly booster subscription program for the COVID-19 vaccine.
454	Pocks is short for a disease that creates bosy pustules, such as chickenpox.
455	Copyrighted means that something is protected by copyright or was taken down for violating copyright laws.
456	EOMM stands for Engagement Optimized Matchmaking Frameworkm which is a way to create games online that optimize player retention.
457	OTS stands for official tournament store.
458	Brainrot is slang for a strong fixation on a particular topic, often a person, hobby, or piece of media.
459	RAADS is a psychological self-rating scale for autism and aspergers.
460	Self-sabotage is when people do (or don't do) things that block their success or prevent them from accomplishing their goals.
461	Intubations are the insertion of a tube into a patient's body, especially that of an artificial ventilation tube into the trachea, which occurred for COVID-19 patients.
462	Wholefood is food that has been processed or refined as little as possible and is free from additives or other artificial substances.
463	TRPG stands for tactical role-playing games.
464	Puffers are warm waist-length or hip-length coats filled with thick soft material sewn into sections, especially one in which the sections look as though they are puffed up.
465	Volumizing refers to a product or styling technique that gives body to hair.
466	Smort is an ironic way of saying smart.
467	Escalatory means to increase, enlarge, or intensify.
468	BFFR stands for be f-cking for real.
469	The hydrosphere refers to all the waters on the earth's surface, such as lakes and seas, and sometimes including water over the earth's surface, such as clouds.
470	A goroutine is a lightweight execution thread in the Go programming language and a function that executes concurrently with the rest of the program.
471	A transmedium is a psychic who is able to cross boundaries between the natural and supernatural worlds.
472	Hyperintensities are area of high intesnity on MRI scans that reflect the existence of lesions on the brain of the individual.
473	Variants are forms or versions of something that differs in some respect from other forms of the same thing or from a standard, such as the COVID-19 virus.
474	FJB is an acronym for "fuck joe biden."
475	Seggs is a covert term for "sex" often used to skirt social media detection or online forum and parental security filters.
476	An agaric is a type of fungus fruiting body characterized by the presence of a pileus that is clearly differentiated from the stipe.
477	Live2d is an animation style that uses grafics software to create real-time 2D animations of characters.
478	The word madge is used online to convey anger or displeasure.
479	A callboy is slang for a male prostitute.
480	The max q, or maximum dynamic pressure, condition is the point when an aerospace vehicle's atmospheric flight reaches the maximum difference between the fluid dynamics total pressure and the ambient static pressure.
481	Thiccest is the superlative for thicc, which is a slang term for a full-figured body, specifically a big butt and curvy waist.
482	Body dysphoria, also referred to as body dysmorphic disorder, is a mental health condition that affects the way you perceive your body.
483	OASI stands for old-age and survivors insurance.
484	Id-10t is a spelling of idiot and is a term often used by technical people to refer to human error.
485	A deathrun is a game where a group of players have to go through a map with various traps along the way.
486	A freshie is short for freshman.
487	Drippage is a cool clothing look or style that is extremely fashionable.
488	A bebecita is a Spanish word that is similar to calling a girl babe, babygirl, baddie, or hottie.
489	A grifter is a person who engages in petty or small-scale swindling.
490	A sortation is the process of sorting or its result.
491	A conservatorship is a court order that appoints someone to oversee the financial affairs of a minor or a person who is incapacitated.
492	NLAW stands for Next-generation Light Anti-tank Weapon.
493	Wimdy is a humorous spelling of the word windy.
494	To deplatform means to prevent (a person holding views regarded as unacceptable or offensive) from contributing to a forum or debate, especially by blocking them on a particular website.
495	A spirometer is an instrument for measuring the air capacity of the lungs, which was commonly used during the COVID-19 pandemic.
496	The term "fit check" is used to request someone to assess your appearance. It is often used in a social media context, when someone is posting a picture of themselves and wants to know what other people think.
497	Systemic means relating to a system, especially as opposed to a particular part. It is often used to describe institutional racism.
498	A nounself is a type of invented gender-neutral pronoun used by some nonbinary and genderqueer people in place of gendered pronouns to express a spiritual or personal connection to a specific concept.
499	Single-use is designed to be used once and then disposed of or destroyed and is used to talk about single-use plastic.
500	FOSSCAD stands for Free Open Source Software & Computer Aided Design and refers to 3d printing with free software and free templates.
501	Enmeshment is a concept in psychology to describe families where personal boundaries are diffused, sub-systems undifferentiated, and over-concern for others leads to a loss of autonomous development.
502	Finsexual is a term for someone who is exclusively attracted to those who are feminine in nature.
503	To swill means to drink (something) greedily or in large quantities.
504	Frownies are patches that target the facial muscles to smooth and lift static wrinkles and expression lines.
505	E-dating is the Internet equivalent of a date; the process of getting to know someone, with a view to romance, via instant messages or other computerized communication.
506	In popular slang, fullsend has the sense of “intense,” “hardcore,” or “without regard to consequences.  If you do something full send, especially in extreme sports, you're doing it it full-throttle and with 100% commitment—even if you end up failing.
507	Preregister means to register in advance.
508	Transitory means not permanent and was referenced to the rising inflation in the US in 2022.
509	Longwear are makeup products made with different formulas to help keep the makeup product long-lasting.
510	A bot is slang for robot and is used when someone is acting dumb or playing poorly in a game.
511	If something you have paid for is refundable, you can get your money back if you are not satisfied with it or if you are unable to use it
512	Nonwoven fabric is a fabric-like material made from staple fibre and long fibres, bonded together by chemical, mechanical, heat or solvent treatment, and it was used as mask fabric during the pandemic.
513	Infinitude is the state or quality of being infinite or having no limit.
514	Genderfaun refers to someone with a fluid gender that is never feminine, female, or female aligned.
515	Birthrights are particular rights of possession or privilege one has from birth, especially as an eldest child.
516	Swatters are people who call an emergency law enforcement response against a target victim under false pretenses.
517	A tradwife in recent Western culture, typically denotes a woman who believes in and practices traditional sex roles and marriages.
518	Beneficiaries are people who derive advantage from something, especially a trust, will, or life insurance policy.
519	A shacket is a jacket in the style of a shirt, or a thick shirt worn as a jacket.
520	Toxic means negative, destructive, or ruinous.
521	Jutsu means technique, method, spell, skill or trick.
522	Yapped means to talk at length in an irritating manner.
523	Long-haulers are patients with long COVID that can experience an assortment of symptoms or long term health issues that can last weeks or months.
524	Derangements are mental disorders or serious mental disturbances.
525	A genre of video games that possess some, but not all, elements of roguelikes, such as procedurally generated levels.
526	An e-girl is a girl found on the internet playing video games.
527	Soulbind is a gaming term where player characters can bind their soul to certain items to gain extra traits or keep it rforever.
528	WIBTA stands for "Would I be the asshole".
529	A webseries is a series of scripted or non-scripted online videos, generally in episodic form, released on the Internet.
530	LWA stands for "lost wages assistance" and refers to stimulus checks during the pandemic.
531	Antitrans is defined as transphobia, which is the negative attitude, feeling, or action towards transgender people.
532	A chronotype is a person's natural inclination with regard to the times of day when they prefer to sleep or when they are most alert or energetic.
533	Blood-borne means carried or transmitted by the blood.
534	A bloke is slang for a man.
535	Meowdy is a joke that is a greeting used by cats.
536	Weirding means inducing a sense of disbelief or alienation in someone.
537	Anti-racism is the policy or practice of opposing racism and promoting racial equality.
538	A todger is slang for a penis.
539	Uninviting means not pleasant or appealing.
540	WTV means whatever.
541	OMDS is slang for oh my days.
542	A weald is is a heavily wooded area like a forest.
543	Downbad is the feeling of being so attracted to someone.
544	Kettling is the confinement by police of a group of demonstrators or protesters in a small area, as a method of crowd control.
545	A microgrowery is a farm that engages in the cultivation of cannabis in the smallest space possible.
546	Transmigrates mean for the soul to pass into a different body after death.
547	To screenrecord is to record what is occurring on your computer screen.
548	DBT stands for dialectical behavior therapy and is an evidence-based psychotherapy that began with efforts to treat personality disorders and interpersonal conflicts.
549	Slangy means using or denoting slang.
550	Findom is a fetish lifestyle activity in which a submissive is required to give gifts or money to a dominant.
551	Vibing means to have a good time and feeling with something/someone.
552	Groypers are white nationalist and far-right activists, provocateurs and internet trolls who are notable for their attempts to introduce far-right politics into mainstream conservatism in the United States
553	Mid means below average or low quality and can be used to describe people or other things.
554	Whiteness means the fact or state of belonging to a human group having light-colored skin.
555	Sociosexuality is the individual difference in the willingness to engage in sexual activity outside of a committed relationship.
556	Tusi is a phonetic translation of "2C," a series of psychedelic drugs. The concoction is also sometimes referred to as "pink cocaine" as it typically comes in the form of pink powder.
557	Slurs are words expressing a negative or a disrespectful connotation, a low opinion, or a lack of respect toward someone or something.
558	Shrimple is a joke spelling that combines the words shrimp and simple and used in place of the word simple.
559	Oppar is a term used in K-pop (Korean pop music) to refer to an older male who is respected and admired.
560	Slayyyy is a slang term used to express excitement and approval over someone else's action or appearance.
561	PAPR stands for a powered air-purifying respirator that is a type of respirator used to safeguard workers against contaminated air.
562	Antifascist are supporters of a political movement in opposition to fascist ideologies, groups and individuals.
563	Jobkeeper is a wage subsidy program to support employees and businesses during the COVID-19 pandemic.
564	To upskill means to teach (an employee) additional skills.
565	Boyflux is a subset of genderflux in which one feels fluctuating intensities of manhood. It is a category whereby someone has a male identity most of the time, but also experiences varying degrees of maleness or masculinity.
566	Permitless refers to the the right to carry a concealed handgun without a required permit.
567	D-bags are short for douchebags and used as an insult.
568	Disinflation is the reduction in the rate of inflation, or the increase in general price level of goods and services.
569	CBT-I stands for cognitive behavioral therapy for insomnia, which is a technique for treating insomnia without medications.
570	Rushium is an imaginary drug that provides an experimental new time therapy treatment by affecting your perception.
571	GGL stands for google.
572	Tierlists are concepts originating in video game culture where in-game items or other things are subjectively ranked by their respective viability as part of a list.
573	Baizuo is a derogatory Chinese neologism used to refer to Western liberals and leftists and to their values, especially in relation to refugee issues and social problems.
574	Gaiters are neckwear, enlarged collars of garments, that are worn around the neck for warmth.
575	To unpair means to disconnect (a pair of networked devices or one member of such a pair) by removing an established connection.
576	A waterblock is a component used for liquid cooling inside a computer.
577	IVR stands for interactive voice response, which is a technology that allows telephone users to interact with a computer-operated telephone system through the use of voice and DTMF tones input with a keypad.
578	An allowlist is a directory of specific elements that are allowed, e.g. email addresses, IP addresses or URLs etc.
579	v-tubers are online entertainers who use a virtual avatar generated using computer graphics.
580	Deathfog is a video game concept that is an extremely toxic substance or fog that is capable of devastating organic life on contact.
581	Sussus is short for suspicious.
582	A chonker is a fat cat or animal.
583	A squatted truck is essentially a pickup truck with a lift kit fitted on the front end while the rear end stays at stock–or even lowered–ride height.
584	Bookish means devoted to reading and studying rather than worldly interests.
585	Being hyperlexic is having advanced and unexpected reading skills and abilities in children way beyond their chronological age.
586	Languishing is a sense of stagnation and emptiness that was a prevalent feeling during the COVID-19 pandemic during lockdown.
587	A pickmeisha is a woman consumed with landing a man and making excuses for bad behavior because men are men. She’s a woman who will put other women down to “prove herself” worthy of the patriarchy.
588	The Herman Cain Award is an ironic award given to people who expressed hesitancy toward COVID-19 vaccines or face masks, who later died from COVID-19 or its complications.
589	Pre-training a neural network refers to first training a model on one task or dataset to initialize its weights.
590	Plumping means becoming rounder and fatter.
591	Drippy means having a cool clothing style and being cool or awesome.
592	Breathings is the process of moving air into and from the lungs to facilitate gas exchange with the internal environment, mostly to flush out carbon dioxide and bring in oxygen.
593	Pre-pandemic means before a pandemic and refers to the time before COVID-19 pandemic.
594	To dissociate means to disconnect from one's thoughts, feelings, memories or sense of identity.
595	NSBM stands for national socialist black metal which is a political movement and subgenre within the black metal music scene that promotes neo-Nazism, neo-fascism, and white supremacist ideologies.
596	Being blackpilled means that someone has decided that nothing matters and there is nothing they can do that will change anything. This depraves them of all positive thought and makes them want to get some sort of meaning out of life.
597	A bigspin is to win a large cash prize from a spinning lottery machine.
598	Libleft is short for libertarian left. Libleft supporters and followers believe in reduced government, social progressivism, and left wing economic systems.
599	Metapets are virtual pets that have an avatar and exist in the metaverse.
600	Antiblackness refers to actions or behaviors that minimize, marginalize or devalue the full participation of Black people in life.
601	A cupiosexual is an individual who does not experience sexual desire, but still wants a sexual relationship.
602	Adult-use is a term used to describe cannabis that can be grown, purchased, and consumed by people 21 years old and up in a legal state.
603	Covid is an infectious disease caused by the SARS-CoV-2 virus.
604	Cannabigerol (CBG) is a type of cannabinoid found in the cannabis plant.
605	Teargas is gas that causes severe irritation to the eyes, chiefly used in riot control to force crowds to disperse.
606	Ogz is slang for originals and refers to friends people that you have known the longest.
607	Ticktock is a type of short video that was popularized by the app tiktok.
608	Donning means putting on an item of clothing and has been commonly used to describe putting on protective equipment during the COVID-19 pandemic.
609	Godroll is a gaming term that refers to when someone gets the best randomly rolled perks and stats on a weapon or item in a game.
610	A super-spreader is a person who transmits an infectious disease or agent to an unexpectedly or unusually large number of other people.
611	Gasoil is a type of fuel oil distilled from petroleum.
612	Splooting is slang for the pose an animal, especially dogs, cats, and other four-legged pets, makes when it lies on its stomach with its hind legs stretched out back and flat.
613	Longcovid is broadly defined as signs, symptoms, and conditions that continue or develop after acute COVID-19 infection.
614	Quarantine is a state, period, or place of isolation in which people or animals that may have been exposed to infectious disease are placed and was commonly used to talk about lockdowns during the COVID-19 pandemic.
615	A cusper is a person born near the end of one generation and the beginning of another.
616	Lewdity is dressing in a way that does not actually reveal anything but at a distance gives the impression that it might.
617	Miniled describes the latest technology in TV displays that uses a smaller LED chip to produce the same brightness as a larger chip.
618	Androsexual refers to a person who, regardless of their gender identity, is sexually or romantically attracted to masculinity.
619	Covid-20 describes the coronavirus disease that emerged in 2019 and 2020 that became a global health problem.
620	Interfacing is a woven or non-woven fabric that is used to stiffen certain areas of garments and sewing projects.
621	Detangling means removing tangles from (hair).
622	JWT is short for JSON Web Token, which is a proposed Internet standard for creating data with optional signature and optional encryption whose payload holds JSON that asserts some number of claims.
623	Sheesh is slang to describe disbelief, surprise or excitement.
624	Problematic is used online as slang to describe someone who's said or done things that might be considered sexist, racist, or otherwise offensive to a group of individuals.
625	Twunk is a slang term combining twink and hunk, which descries a gay man who has a bigger, stronger build than a twink but is not quite as big as a bodybuilder.
626	6-piece is used to refer to fast food meal options where you can get 6 items of something like chicken.
627	A mask mandate is a law that requires the usage of face masks in public to lessen the transmission of COVID-19 during the pandemic.
628	Manifestation is a term used by subliminal users meaning to hope for a desire until it comes true using the law of attraction.
629	HyFlex combines the terms “hybrid” and “flexible.” Hybrid learning refers to learning that integrates complementary face-to-face (synchronous) and online learning (asynchronous) experiences in service of intended learning objectives.
630	Gatekeeping is defined as when someone takes it upon themselves to decide who does or does not have access or rights to a community or identity.
631	Tenkeyless refers to a computer keyboard that does not have a number pad.
632	An undercoat is a coat or jacket worn under another.
633	To deshed is to engage in the process of removing hair from your pet's undercoat.
634	Tism is slang to refer to someone who exhibits signs or symptoms of autism.
635	Fullstack refers to the entire depth of a computer system application, and full stack developers straddle two separate web development domains: the front end and the back end.
636	An infohazard  is a risk that arises from the dissemination of information that may cause harm or enable some agent to cause harm.
637	An antimasker is a person who resists wearing a mask over the nose and mouth to protect themselves and others from infection, or who opposes the mandatory wearing of such masks, as during the COVID-19 pandemic.
638	A softboy is a man acts tender and emotional to get women to date him.
639	Ungentlemanly means not appropriate to or behaving like a gentleman.
640	Lizard brain refers to the part of the brain to which primitive, nonrational, or self-interested behavior is attributed.
641	Isekai'ed is fandom slang which refers to the act of being transpoted into an alternate world from another dimension.
642	Trollbaiting describe when an internet user who knowingly invites the hatred of a highly reactionary group of trolls.
643	Crypto-fascists are secret supporters or admirers of fascism or trends close to the ideology.
644	An anti is someone who enjoys writing, discussing or in some cases making derivative works about a piece of media, but solely for the purpose of railing against or parodying it.
645	Real is used in online slang to describe something that is genuine or truthful.
646	Fearmongering is the action of deliberately arousing public fear or alarm about a particular issue.
647	Doomposters are people that continually comment on Internet news with extreme pessimism and expecting the worst outcome possible.
648	A gigachad is a slang term used to describe someone who is extremely physically attractive and muscular.
649	Maidenless is online slang to refer to someone who has never been in a relationship and is single.
650	Unnegative means not negative.
651	Hypermelodicism means an extreme focus on the development of melody.
652	Hypertreated means extremely treated, such as in the context of a synthetically crafted voice.
653	A megafandom is an extremely large group of fans of a particular person, team, fictional series.
654	Overvaccinate means to continuously vaccinate a population or someone, to the point of excessiveness.
655	Nonconstructors refer to people who do not create crossword puzzles.
656	Refinedness is the state of being refined for a person or character.
657	Throupling means to be in a committed relationship consisting of three people.
658	Oblivionaires refer to billionaires who choose to be blind to the disparity and inequality that his or her wealth is creating.
659	Meatheadedness refers to the state of being a simpleton or idiot.
660	Baloneyvirus refers to a fake virus or disease.
661	Underproofing in baking means that the dough is not allowed to rest and rise an adequate amount of time before baking.
662	Bachelorex is a gender-neutral term to replace bachelor and bachelorette.
663	Choclified is to make something into chocolate.
664	Depacakgers are robots that filter plastic waste from food waste.
665	Confederatized means to become like the Confederacy of the US south.
666	Osmocosm defines the world of smells.
667	Cryptodiversification is the process of diversifying crypto assets to protect against potential risk and market volatility.
668	Ruffleable refers to the ability of being angered.
669	Invalidators are people that invalidate or dismiss something.
670	Averteth is an archaic term for the word avert.
671	Potatogeddon is a combination of the words armageddon and potato and refer to a phenomena of low potato supplies or high prices of potatoes.
672	Babyphobes and people that are scared or hate babies.
673	Superpersonalized means that something is extremely and specifically tailored to one's personal preferences.
674	Millionish means around a million or so.
675	Redisenfranchises means to deprive someone or a group of people of a right or privilege again.
676	Macroinfluencer is a social media creator that has more than 100,000 followers and at least a 3% engagement rate.
677	Solarpunk is a subgenre of speculative fiction and a collectivistic social movement that envisions the progression of technology alongside the environment.
678	Zompoc is short for zombie apocalypse, which is a genre of fiction in which society collapses due to overwhelming swarms of zombies
679	Unpantsing means to undress your pants.
680	Goofballism is a movement or belief of being silly or stupid.
681	Outpartisans are people that are in a different political party.
682	Overfearing means to have an exaggerated amount of fear to something, which is often unwarranted.
683	Throuplehood is the state of being in a committed relationship consisting of three people.
684	Disavowers are people that deny any responsibility or support for something.
685	Hyperaccountability is an extreme amount of accountability over one's actions and a focus on the impact of someone's actions.
686	Oversurveillance is an extreme amount of surveillance over a group of people or someone.
687	Fossilflation is the phenomena of an increasing cost of fossil fuels.
688	Deregulationary means to be supportive of removing regulations or restrictions, especially in a particular industry.
689	Cranksphere means there is a world of craziness or crazy people that some people reside in.
690	Falstalgia is a misguided feeling of nostalgia, a longing for a past that really wasn't that great and you weren't around for.
691	Shroomhead is someone who takes magic mushrooms.
692	Milsplaining is pejorative term to describe when civilians comment on or explain something to a military person in a condescending, overconfident, often inaccurate or oversimplified manner.
693	Soverlicious describes someone that is hot, single and sober.
694	Voming is short for vomiting.
695	Boyfriended means to have a boyfriend or to be in the relationship.
696	Jesusfuckingchrist is a statement of utter disbelief expressed when one finds themselves in the worst case scenario.
697	A gigglebox is someone who laughs alot naturally and is fun to hang with.
698	Afropessimism is an extreme form of despair about the situation of black people in the US, where believes think that Black people are still viewed as different, inferior, and outsiders similar to the viewpoints during slavery.
699	Sluttify means to make something slutty or sexually promiscuous.
700	A womanager is a manager who is a woman.
701	Omigoodness is a way to express disbelief.
702	A commentroversy is a debate or controversy that occurs in the comments section of a news article or blog. In most cases, it has little to do with the source material, but ends up becoming the focus of readers.
703	A douchequake is someone who is such an asshole that their presence feels like an earthquake is coming.
704	Weebanese is the language or ethnicity of a weeaboo, who are people that have an admiration for Japan or East Asian cultures.
705	Spamheal means that someone is repeatedly and indiscriminantly using their abilities in a game to heal someone.
706	A disasterfest is a large gathering or amount of disasters.
707	A drunkalogue is a dialogue given by a drunk person.
708	A dataholic is someone who is addicted to collecting, organizing and analyzing data.
709	Thanging means that a physical trait of someone is sexually appealing.
710	Snowvember refers to a particular November that experiences a lot of snowfall.
711	A machostache is a very masculine mustache.
712	Absodamnlutely is a more emphatic way of saying absolutely.
713	Lithsexual refers to people who feel attraction towards people, but with no desire to have the feelings reciprocated or the desire to act on it.
714	A gaylebrity is a celebrity who is also gay.
715	A hematomaniac is someone who has a fixation on blood and drinking blood for erotic satistfaction.
716	Mormonize means to make something or someone more in line with the religious beliefs of Mormons.
717	Etherspace refers to the internet and the digital space.
718	A megamoron is someone who is very stupid.
719	Blunderbussing means to shoot with a blunderbuss or to try really hard to find a solution to a problem.
720	Slackercore is the aesthetic of being a slacker, which is a lazy person.
721	Mansculpting is the process of taking away features from the body that can be viewed as feminine, and replacing them with more masculine qualities with surgery.
722	Transoriented refers to a person with an emotional and sexual orientation towards transgendered persons.
723	A turbomansion is an extremely large mansion.
724	Greekified means to make something more Greek.
725	A creepologist is someone who is so creepy that they have almost gotten a degree in being creepy or weird.
726	A demoticon is an emoticon that gives a feeling of being demoted by an important person in your life who suddenly responds to a text or email only with an emoticon — not any words.
727	Nerdification is the practice of exclusively hiring intelligent individuals, thus improving the product produced by the corporation and increasing shareholder value.
728	Fansplaining is when a fan tries to explain something to a pro athlete, coach, GM or entertainer about the professional's craft.
729	Unfuckingfortunately is a way of saying unfortunately.
730	Doomscrolling is the act of spending an excessive amount of time reading large quantities of negative news online.
731	Based means that someone or something is courageous or truthful.
732	A covidiot is an idiot that fails to observe regulations or guidelines designed to prevent the spread of disease.
733	Greenhushing is when organisations deliberately choose to under-report or hide their green credentials from public view to evade scrutiny.
734	A poshtel is a portmanteau combining the words posh and hostel. The term refers to upscale/luxury hostels that deliver the style and comfort of boutique hotels, while staying in the price range of hostels.
735	Ronacation is the worldwide vacation due to closure of offices and schools due to COVID-19.
736	A fomosapien is a human with an innate fear of missing out.
737	A gig worker is a person who does temporary or freelance work, especially an independent contractor engaged on an informal or on-demand basis.
738	Pandemic posture refers to poor posture from slouching at a desk or on a couch during time at home.
739	LLM stands for large language model and is a type of AI model notable for its ability to achieve general-purpose language understanding and generation.
740	Chessboxing is a hybrid sport that combines two traditional disciplines: chess and boxing. Two combatants play alternating rounds of blitz chess and boxing until one wins by checkmate or knockout.
741	A deepfake is a video of a person in which their face or body has been digitally altered so that they appear to be someone else, typically used maliciously or to spread false information.
742	A permacrisis is an extended period of instability and insecurity.
743	The phrase "rent free" is often used on social media and in online forums to criticize or mock someone who is perceived as overly fixated on a particular topic or individual.
744	Blud is slang that is used to address men and means bro.
745	Blursday is a not easily distinguished from other days, or the phenomenon of days running together.
746	Mald means to be extremely angry, especially as a result of losing a video game. It is a combination of the words mad and bald.
747	Circuit-breaker is a period of lockdown that occurred in Singapore during the COVID-19 pandemic.
748	Cheugy can be used, broadly, to describe someone who is out of date or trying too hard.
749	Dark academia is an internet aesthetic and subculture concerned with higher education, the arts, and literature, or an idealised version thereof.
